13:13:09,LIGHTS turned ON
13:13:09,AIRCON turned ON
13:13:43,LIGHTS turned OFF after 0:00:33.364722
13:13:43,AIRCON turned OFF after 0:00:33.364394
13:14:18,LIGHTS turned ON
13:14:18,AIRCON turned ON
13:15:09,LIGHTS turned OFF after 0:00:50.821726
13:15:09,AIRCON turned OFF after 0:00:50.821594
13:15:16,LIGHTS turned ON
13:15:16,AIRCON turned ON
13:15:41,LIGHTS turned OFF after 0:00:25.176870
13:15:41,AIRCON turned OFF after 0:00:25.176776
13:15:47,LIGHTS turned ON
13:15:47,AIRCON turned ON
13:16:08,LIGHTS turned OFF after 0:00:20.835234
13:16:08,AIRCON turned OFF after 0:00:20.834817
13:16:14,LIGHTS turned ON
13:16:14,AIRCON turned ON
13:16:41,LIGHTS turned ON
13:16:41,AIRCON turned ON
13:18:55,LIGHTS turned ON
13:18:55,AIRCON turned ON
13:36:17,LIGHTS turned ON
13:36:17,AIRCON turned ON
13:37:02,LIGHTS turned OFF after 0:00:45.127014
13:37:02,AIRCON turned OFF after 0:00:45.126748
13:37:25,LIGHTS turned ON
13:37:25,AIRCON turned ON
13:42:51,LIGHTS turned ON
13:42:51,AIRCON turned ON
13:43:15,LIGHTS turned OFF after 0:00:23.960038
13:43:15,AIRCON turned OFF after 0:00:23.960504
13:43:21,LIGHTS turned ON
13:43:21,AIRCON turned ON
13:43:36,LIGHTS turned OFF after 0:00:15.041891
13:43:36,AIRCON turned OFF after 0:00:15.042122
13:43:39,LIGHTS turned ON
13:43:39,AIRCON turned ON
13:43:57,LIGHTS turned OFF after 0:00:18.120017
13:43:57,AIRCON turned OFF after 0:00:18.120122
13:44:00,LIGHTS turned ON
13:44:00,AIRCON turned ON
13:45:59,LIGHTS turned ON
13:45:59,AIRCON turned ON
13:48:05,LIGHTS turned OFF after 0:02:06.184233
13:48:05,AIRCON turned OFF after 0:02:06.185052
13:48:12,LIGHTS turned ON
13:48:12,AIRCON turned ON
13:52:00,LIGHTS turned ON
13:52:00,AIRCON turned ON
13:52:32,LIGHTS turned OFF after 0:00:31.953883
13:52:32,AIRCON turned OFF after 0:00:31.965048
13:52:33,LIGHTS turned ON
13:52:33,AIRCON turned ON
13:54:41,LIGHTS turned ON
13:54:41,AIRCON turned ON
13:55:14,LIGHTS turned ON
13:55:14,AIRCON turned ON
13:55:50,LIGHTS turned OFF after 0:00:36.273370
13:55:50,AIRCON turned OFF after 0:00:36.271748
13:55:54,LIGHTS turned ON
13:55:54,AIRCON turned ON
13:58:29,LIGHTS turned OFF after 0:02:35.141095
13:58:29,AIRCON turned OFF after 0:02:35.139757
13:58:33,LIGHTS turned ON
13:58:33,AIRCON turned ON
13:58:48,LIGHTS turned OFF after 0:00:15.071792
13:58:48,AIRCON turned OFF after 0:00:15.072037
13:58:50,LIGHTS turned ON
13:58:50,AIRCON turned ON
13:59:12,LIGHTS turned OFF after 0:00:22.578241
13:59:12,AIRCON turned OFF after 0:00:22.578500
13:59:24,LIGHTS turned ON
13:59:24,AIRCON turned ON
13:59:41,LIGHTS turned OFF after 0:00:16.541887
13:59:41,AIRCON turned OFF after 0:00:16.542224
13:59:44,LIGHTS turned ON
13:59:44,AIRCON turned ON
14:00:51,LIGHTS turned ON
14:00:51,AIRCON turned ON
14:01:40,LIGHTS turned OFF after 0:00:49.868518
14:01:40,AIRCON turned OFF after 0:00:49.867590
14:01:46,LIGHTS turned ON
14:01:46,AIRCON turned ON
14:02:33,LIGHTS turned OFF after 0:00:46.970271
14:02:33,AIRCON turned OFF after 0:00:46.970246
14:02:38,LIGHTS turned ON
14:02:38,AIRCON turned ON
14:02:39,LIGHTS turned OFF after 0:00:01.237342
14:02:39,AIRCON turned OFF after 0:00:01.237826
14:03:18,LIGHTS turned ON
14:03:18,AIRCON turned ON
14:04:08,LIGHTS turned OFF after 0:00:49.719171
14:04:08,AIRCON turned OFF after 0:00:49.719428
14:04:33,LIGHTS turned ON
14:04:33,AIRCON turned ON
14:04:55,LIGHTS turned OFF after 0:00:21.733544
14:04:55,AIRCON turned OFF after 0:00:21.733668
14:04:57,LIGHTS turned ON
14:04:57,AIRCON turned ON
14:05:16,LIGHTS turned OFF after 0:00:19.594652
14:05:16,AIRCON turned OFF after 0:00:19.595041
14:05:20,LIGHTS turned ON
14:05:20,AIRCON turned ON
14:06:52,LIGHTS turned OFF after 0:01:31.536314
14:06:52,AIRCON turned OFF after 0:01:31.536475
14:07:10,LIGHTS turned ON
14:07:10,AIRCON turned ON
14:37:56,LIGHTS turned ON
14:37:56,AIRCON turned ON
14:39:02,LIGHTS turned OFF after 0:01:06.180782
14:39:02,AIRCON turned OFF after 0:01:06.181995
14:39:06,LIGHTS turned ON
14:39:06,AIRCON turned ON
14:39:30,LIGHTS turned OFF after 0:00:24.459920
14:39:30,AIRCON turned OFF after 0:00:24.638917
14:40:18,LIGHTS turned ON
14:40:18,AIRCON turned ON
14:43:32,LIGHTS turned OFF after 0:03:13.672532
14:43:32,AIRCON turned OFF after 0:03:13.672551
14:43:33,LIGHTS turned ON
14:43:33,AIRCON turned ON
14:44:52,LIGHTS turned OFF after 0:01:19.807348
14:44:52,AIRCON turned OFF after 0:01:19.805533
14:45:19,LIGHTS turned ON
14:45:19,AIRCON turned ON
14:45:35,LIGHTS turned OFF after 0:00:15.066292
14:45:35,AIRCON turned OFF after 0:00:15.066294
14:45:39,LIGHTS turned ON
14:45:39,AIRCON turned ON
14:46:18,LIGHTS turned OFF after 0:00:39.212294
14:46:18,AIRCON turned OFF after 0:00:39.212124
14:48:08,LIGHTS turned ON
14:48:08,AIRCON turned ON
14:48:29,LIGHTS turned OFF after 0:00:20.939619
14:48:29,AIRCON turned OFF after 0:00:20.939888
14:50:57,LIGHTS turned ON
14:50:57,AIRCON turned ON
14:51:12,LIGHTS turned OFF after 0:00:15.080344
14:51:12,AIRCON turned OFF after 0:00:15.080326
14:51:51,LIGHTS turned ON
14:51:51,AIRCON turned ON
14:52:06,LIGHTS turned OFF after 0:00:15.008312
14:52:06,AIRCON turned OFF after 0:00:15.008310
14:52:11,LIGHTS turned ON
14:52:11,AIRCON turned ON
14:52:33,LIGHTS turned OFF after 0:00:22.584393
14:52:33,AIRCON turned OFF after 0:00:22.584421
14:52:48,LIGHTS turned ON
14:52:48,AIRCON turned ON
14:53:28,LIGHTS turned OFF after 0:00:39.651336
14:53:28,AIRCON turned OFF after 0:00:39.651528
14:53:56,LIGHTS turned ON
14:53:56,AIRCON turned ON
14:54:11,LIGHTS turned OFF after 0:00:15.074789
14:54:11,AIRCON turned OFF after 0:00:15.074813
14:54:36,LIGHTS turned ON
14:54:36,AIRCON turned ON
14:54:57,LIGHTS turned OFF after 0:00:21.027618
14:54:57,AIRCON turned OFF after 0:00:21.027767
14:55:10,LIGHTS turned ON
14:55:10,AIRCON turned ON
14:55:25,LIGHTS turned OFF after 0:00:15.120573
14:55:25,AIRCON turned OFF after 0:00:15.120541
14:55:26,LIGHTS turned ON
14:55:26,AIRCON turned ON
14:55:41,LIGHTS turned OFF after 0:00:15.005036
14:55:41,AIRCON turned OFF after 0:00:15.003191
14:56:12,LIGHTS turned ON
14:56:12,AIRCON turned ON
14:56:31,LIGHTS turned OFF after 0:00:19.560471
14:56:31,AIRCON turned OFF after 0:00:19.560627
14:58:15,LIGHTS turned ON
14:58:15,AIRCON turned ON
14:58:40,LIGHTS turned OFF after 0:00:25.680357
14:58:40,AIRCON turned OFF after 0:00:25.680430
14:58:52,LIGHTS turned ON
14:58:52,AIRCON turned ON
14:59:07,LIGHTS turned OFF after 0:00:15.029151
14:59:07,AIRCON turned OFF after 0:00:15.029089
14:59:11,LIGHTS turned ON
14:59:11,AIRCON turned ON
14:59:32,LIGHTS turned OFF after 0:00:20.973790
14:59:32,AIRCON turned OFF after 0:00:20.974090
15:00:03,LIGHTS turned ON
15:00:03,AIRCON turned ON
15:00:18,LIGHTS turned OFF after 0:00:15.132686
15:00:18,AIRCON turned OFF after 0:00:15.132959
15:00:43,LIGHTS turned ON
15:00:43,AIRCON turned ON
15:03:10,LIGHTS turned ON
15:03:10,AIRCON turned ON
15:04:51,LIGHTS turned OFF after 0:01:40.919695
15:04:51,AIRCON turned OFF after 0:01:40.923142
15:04:56,LIGHTS turned ON
15:04:56,AIRCON turned ON
15:05:32,LIGHTS turned OFF after 0:00:36.024540
15:05:32,AIRCON turned OFF after 0:00:36.024179
15:05:44,LIGHTS turned ON
15:05:44,AIRCON turned ON
15:05:46,LIGHTS turned OFF after 0:00:02.082892
15:05:46,AIRCON turned OFF after 0:00:02.083116
15:06:23,LIGHTS turned ON
15:06:23,AIRCON turned ON
15:11:36,LIGHTS turned OFF after 0:05:13.712452
15:11:36,AIRCON turned OFF after 0:05:13.712821
15:11:38,LIGHTS turned ON
15:11:38,AIRCON turned ON
15:22:53,LIGHTS turned ON
15:22:53,AIRCON turned ON
15:27:24,LIGHTS turned ON
15:27:24,AIRCON turned ON
15:27:59,LIGHTS turned OFF after 0:00:34.463214
15:27:59,AIRCON turned OFF after 0:00:34.463280
15:28:01,LIGHTS turned ON
15:28:01,AIRCON turned ON
15:31:03,LIGHTS turned OFF after 0:03:01.921741
15:31:03,AIRCON turned OFF after 0:03:01.921931
15:31:19,LIGHTS turned ON
15:31:19,AIRCON turned ON
15:31:42,LIGHTS turned OFF after 0:00:23.089355
15:31:42,AIRCON turned OFF after 0:00:23.089631
15:31:51,LIGHTS turned ON
15:31:51,AIRCON turned ON
15:45:40,LIGHTS turned ON
15:45:40,AIRCON turned ON
15:47:43,LIGHTS turned ON
15:47:43,AIRCON turned ON
15:48:28,LIGHTS turned ON
15:48:28,AIRCON turned ON
15:49:06,LIGHTS turned ON
15:49:06,AIRCON turned ON
15:50:30,LIGHTS turned ON
15:50:30,AIRCON turned ON
15:54:16,LIGHTS turned ON
15:54:16,AIRCON turned ON
15:55:28,LIGHTS turned ON
15:55:28,AIRCON turned ON
15:55:43,LIGHTS turned ON
15:55:43,AIRCON turned ON
15:57:33,LIGHTS turned ON
15:57:33,AIRCON turned ON
15:57:56,LIGHTS turned ON
15:57:56,AIRCON turned ON
15:59:01,LIGHTS turned ON
15:59:01,AIRCON turned ON
16:00:21,LIGHTS turned ON
16:00:21,AIRCON turned ON
16:00:55,LIGHTS turned ON
16:00:55,AIRCON turned ON
16:01:39,LIGHTS turned ON
16:01:39,AIRCON turned ON
16:03:16,LIGHTS turned OFF after 0:01:37.166191
16:03:16,AIRCON turned OFF after 0:01:37.166410
16:03:19,LIGHTS turned ON
16:03:19,AIRCON turned ON
16:04:20,LIGHTS turned ON
16:04:20,AIRCON turned ON
16:05:26,LIGHTS turned ON
16:05:26,AIRCON turned ON
16:06:28,LIGHTS turned ON
16:06:28,AIRCON turned ON
16:07:25,LIGHTS turned OFF after 0:00:56.369704
16:07:25,AIRCON turned OFF after 0:00:56.370693
16:08:10,LIGHTS turned ON
16:08:10,AIRCON turned ON
16:09:15,LIGHTS turned OFF after 0:01:04.879334
16:09:15,AIRCON turned OFF after 0:01:04.879907
16:09:20,LIGHTS turned ON
16:09:20,AIRCON turned ON
16:09:57,LIGHTS turned OFF after 0:00:36.719762
16:09:57,AIRCON turned OFF after 0:00:36.719899
16:10:43,LIGHTS turned ON
16:10:43,AIRCON turned ON
16:12:01,LIGHTS turned OFF after 0:01:18.296478
16:12:01,AIRCON turned OFF after 0:01:18.297048
16:16:53,LIGHTS turned ON
16:16:53,AIRCON turned ON
16:17:11,LIGHTS turned OFF after 0:00:18.161221
16:17:11,AIRCON turned OFF after 0:00:18.161296
16:17:18,LIGHTS turned ON
16:17:18,AIRCON turned ON
16:17:35,LIGHTS turned OFF after 0:00:16.950249
16:17:35,AIRCON turned OFF after 0:00:16.950402
16:19:26,LIGHTS turned ON
16:19:26,AIRCON turned ON
16:19:42,LIGHTS turned OFF after 0:00:16.006860
16:19:42,AIRCON turned OFF after 0:00:16.006828
16:21:22,LIGHTS turned ON
16:21:22,AIRCON turned ON
16:21:39,LIGHTS turned OFF after 0:00:17.621050
16:21:39,AIRCON turned OFF after 0:00:17.621615
16:22:30,LIGHTS turned ON
16:22:30,AIRCON turned ON
16:22:47,LIGHTS turned OFF after 0:00:17.550794
16:22:47,AIRCON turned OFF after 0:00:17.551029
16:24:49,LIGHTS turned ON
16:24:49,AIRCON turned ON
16:27:57,LIGHTS turned ON
16:27:57,AIRCON turned ON
16:30:00,LIGHTS turned OFF after 0:02:03.169914
16:30:00,AIRCON turned OFF after 0:02:03.170794
16:30:18,LIGHTS turned ON
16:30:18,AIRCON turned ON
16:32:04,LIGHTS turned OFF after 0:01:45.682497
16:32:04,AIRCON turned OFF after 0:01:45.682575
16:32:22,LIGHTS turned ON
16:32:22,AIRCON turned ON
16:44:15,LIGHTS turned ON
16:44:15,AIRCON turned ON
16:49:37,LIGHTS turned ON
16:49:37,AIRCON turned ON
17:07:33,LIGHTS turned ON
17:07:33,AIRCON turned ON
17:08:38,LIGHTS turned OFF after 0:01:04.588783
17:08:38,AIRCON turned OFF after 0:01:04.589222
17:08:38,LIGHTS turned ON
17:08:38,AIRCON turned ON
09:01:56,LIGHTS turned ON
09:01:56,AIRCON turned ON
09:06:50,LIGHTS turned OFF after 0:04:53.538775
09:06:50,AIRCON turned OFF after 0:04:53.540556
09:06:50,LIGHTS turned ON
09:06:50,AIRCON turned ON
09:14:55,LIGHTS turned OFF after 0:08:04.741173
09:14:55,AIRCON turned OFF after 0:08:04.804519
09:15:09,LIGHTS turned ON
09:15:09,AIRCON turned ON
09:16:40,LIGHTS turned OFF after 0:01:31.021522
09:16:40,AIRCON turned OFF after 0:01:31.040870
09:16:44,LIGHTS turned ON
09:16:44,AIRCON turned ON
09:18:29,LIGHTS turned OFF after 0:01:45.121137
09:18:29,AIRCON turned OFF after 0:01:45.102943
09:18:30,LIGHTS turned ON
09:18:30,AIRCON turned ON
09:35:58,LIGHTS turned ON
09:35:58,AIRCON turned ON
09:47:53,LIGHTS turned ON
09:47:53,AIRCON turned ON
09:50:20,LIGHTS turned ON
09:50:20,AIRCON turned ON
09:57:38,LIGHTS turned ON
09:57:38,AIRCON turned ON
09:57:49,LIGHTS turned ON
09:57:49,AIRCON turned ON
09:58:36,LIGHTS turned OFF after 0:00:46.939873
09:58:36,AIRCON turned OFF after 0:00:46.937789
09:58:42,LIGHTS turned ON
09:58:42,AIRCON turned ON
10:00:44,LIGHTS turned OFF after 0:02:01.656502
10:00:44,AIRCON turned OFF after 0:02:01.656565
10:00:53,LIGHTS turned ON
10:00:53,AIRCON turned ON
10:07:54,LIGHTS turned ON
10:07:54,AIRCON turned ON
10:08:06,LIGHTS turned ON
10:08:06,AIRCON turned ON
10:08:26,LIGHTS turned OFF after 0:00:20.809742
10:08:26,AIRCON turned OFF after 0:00:20.809291
10:08:33,LIGHTS turned ON
10:08:33,AIRCON turned ON
10:09:54,LIGHTS turned ON
10:09:54,AIRCON turned ON
10:10:17,LIGHTS turned OFF after 0:00:22.847017
10:10:17,AIRCON turned OFF after 0:00:22.847076
10:10:30,LIGHTS turned ON
10:10:30,AIRCON turned ON
10:11:12,LIGHTS turned OFF after 0:00:41.938320
10:11:12,AIRCON turned OFF after 0:00:41.937514
10:11:14,LIGHTS turned ON
10:11:14,AIRCON turned ON
10:11:39,LIGHTS turned OFF after 0:00:24.310838
10:11:39,AIRCON turned OFF after 0:00:24.309722
10:11:41,LIGHTS turned ON
10:11:41,AIRCON turned ON
10:14:00,LIGHTS turned OFF after 0:02:19.143556
10:14:00,AIRCON turned OFF after 0:02:19.143716
10:14:02,LIGHTS turned ON
10:14:02,AIRCON turned ON
10:16:22,LIGHTS turned OFF after 0:02:20.254630
10:16:22,AIRCON turned OFF after 0:02:20.255121
10:16:50,LIGHTS turned ON
10:16:50,AIRCON turned ON
10:18:33,LIGHTS turned OFF after 0:01:43.251627
10:18:33,AIRCON turned OFF after 0:01:43.252505
10:18:45,LIGHTS turned ON
10:18:45,AIRCON turned ON
10:19:17,LIGHTS turned ON
10:19:17,AIRCON turned ON
10:19:54,LIGHTS turned ON
10:19:54,AIRCON turned ON
10:20:33,LIGHTS turned OFF after 0:00:38.803121
10:20:33,AIRCON turned OFF after 0:00:38.803323
10:20:39,LIGHTS turned ON
10:20:39,AIRCON turned ON
10:21:10,LIGHTS turned OFF after 0:00:30.231384
10:21:10,AIRCON turned OFF after 0:00:30.231304
10:21:18,LIGHTS turned ON
10:21:18,AIRCON turned ON
10:21:20,LIGHTS turned OFF after 0:00:01.569304
10:21:20,AIRCON turned OFF after 0:00:01.569982
10:21:24,LIGHTS turned ON
10:21:24,AIRCON turned ON
10:22:11,LIGHTS turned OFF after 0:00:47.660958
10:22:11,AIRCON turned OFF after 0:00:47.660579
10:22:16,LIGHTS turned ON
10:22:16,AIRCON turned ON
10:22:37,LIGHTS turned OFF after 0:00:20.391450
10:22:37,AIRCON turned OFF after 0:00:20.392169
10:22:41,LIGHTS turned ON
10:22:42,AIRCON turned ON
10:22:59,LIGHTS turned OFF after 0:00:17.887967
10:22:59,AIRCON turned OFF after 0:00:17.888743
10:23:05,LIGHTS turned ON
10:23:05,AIRCON turned ON
10:23:21,LIGHTS turned OFF after 0:00:16.050213
10:23:21,AIRCON turned OFF after 0:00:16.049071
10:23:24,LIGHTS turned ON
10:23:24,AIRCON turned ON
10:23:42,LIGHTS turned OFF after 0:00:17.669475
10:23:42,AIRCON turned OFF after 0:00:17.670294
10:23:58,LIGHTS turned ON
10:23:58,AIRCON turned ON
10:25:10,LIGHTS turned ON
10:25:10,AIRCON turned ON
10:29:32,LIGHTS turned ON
10:29:32,AIRCON turned ON
10:29:46,LIGHTS turned OFF after 0:00:14.603032
10:29:46,AIRCON turned OFF after 0:00:14.603000
10:29:55,LIGHTS turned ON
10:29:55,AIRCON turned ON
10:33:37,LIGHTS turned OFF after 0:03:41.979571
10:33:37,AIRCON turned OFF after 0:03:41.979594
10:33:41,LIGHTS turned ON
10:33:41,AIRCON turned ON
2025-05-14,10:34:18,LIGHTS turned ON
2025-05-14,10:34:18,AIRCON turned ON
2025-05-14,10:34:39,LIGHTS turned OFF after 0:00:21.606931
2025-05-14,10:34:39,AIRCON turned OFF after 0:00:21.607339
2025-05-14,10:34:43,LIGHTS turned ON
2025-05-14,10:34:43,AIRCON turned ON
2025-05-14,10:34:58,LIGHTS turned OFF after 0:00:15.829342
2025-05-14,10:34:58,AIRCON turned OFF after 0:00:15.829311
2025-05-14,10:35:02,LIGHTS turned ON
2025-05-14,10:35:02,AIRCON turned ON
2025-05-14,13:57:20,LIGHTS turned ON
2025-05-14,13:57:20,AIRCON turned ON
2025-05-14,13:58:59,LIGHTS turned OFF after 0:01:39.119720
2025-05-14,13:58:59,AIRCON turned OFF after 0:01:39.117418
2025-05-14,13:59:05,LIGHTS turned ON
2025-05-14,13:59:05,AIRCON turned ON
2025-05-14,13:59:31,LIGHTS turned OFF after 0:00:25.318529
2025-05-14,13:59:31,AIRCON turned OFF after 0:00:25.318068
2025-05-14,13:59:36,LIGHTS turned ON
2025-05-14,13:59:36,AIRCON turned ON
2025-05-14,14:29:19,LIGHTS turned ON
2025-05-14,14:29:19,AIRCON turned ON
2025-05-14,14:30:23,LIGHTS turned OFF after 0:01:04.551965
2025-05-14,14:30:23,AIRCON turned OFF after 0:01:04.547522
2025-05-14,14:31:18,LIGHTS turned ON
2025-05-14,14:31:18,AIRCON turned ON
2025-05-14,14:31:19,LIGHTS turned OFF after 0:00:00.581822
2025-05-14,14:31:19,AIRCON turned OFF after 0:00:00.589368
2025-05-14,15:05:16,LIGHTS turned ON
2025-05-14,15:05:16,AIRCON turned ON
2025-05-14,15:13:38,LIGHTS turned OFF after 0:08:22.360776
2025-05-14,15:13:38,AIRCON turned OFF after 0:08:22.366302
2025-05-14,15:13:56,LIGHTS turned ON
2025-05-14,15:13:56,AIRCON turned ON
2025-05-14,15:43:40,LIGHTS turned ON
2025-05-14,15:43:40,AIRCON turned ON
2025-05-14,15:52:24,LIGHTS turned ON
2025-05-14,15:52:24,AIRCON turned ON
2025-05-14,15:52:34,LIGHTS turned ON
2025-05-14,15:52:34,AIRCON turned ON
2025-05-14,15:56:25,LIGHTS turned ON
2025-05-14,15:56:25,AIRCON turned ON
2025-05-14,15:57:27,LIGHTS turned ON
2025-05-14,15:57:27,AIRCON turned ON
2025-05-14,15:57:42,LIGHTS turned ON
2025-05-14,15:57:42,AIRCON turned ON
2025-05-14,15:59:02,LIGHTS turned ON
2025-05-14,15:59:02,AIRCON turned ON
2025-05-14,15:59:39,LIGHTS turned ON
2025-05-14,15:59:39,AIRCON turned ON
2025-05-14,15:59:50,LIGHTS turned ON
2025-05-14,15:59:50,AIRCON turned ON
2025-05-14,16:00:34,LIGHTS turned ON
2025-05-14,16:00:34,AIRCON turned ON
2025-05-14,16:00:48,LIGHTS turned ON
2025-05-14,16:00:48,AIRCON turned ON
2025-05-14,16:01:24,LIGHTS turned ON
2025-05-14,16:01:24,AIRCON turned ON
2025-05-14,16:01:53,LIGHTS turned ON
2025-05-14,16:01:53,AIRCON turned ON
2025-05-14,16:02:31,LIGHTS turned ON
2025-05-14,16:02:31,AIRCON turned ON
2025-05-14,16:03:09,LIGHTS turned ON
2025-05-14,16:03:09,AIRCON turned ON
2025-05-14,16:03:26,LIGHTS turned ON
2025-05-14,16:03:26,AIRCON turned ON
2025-05-14,16:03:49,LIGHTS turned ON
2025-05-14,16:03:49,AIRCON turned ON
2025-05-14,16:03:58,LIGHTS turned ON
2025-05-14,16:03:58,AIRCON turned ON
2025-05-14,16:06:33,LIGHTS turned ON
2025-05-14,16:06:33,AIRCON turned ON
2025-05-14,16:06:46,LIGHTS turned ON
2025-05-14,16:06:46,AIRCON turned ON
2025-05-14,16:07:30,LIGHTS turned ON
2025-05-14,16:07:30,AIRCON turned ON
2025-05-14,16:08:36,LIGHTS turned ON
2025-05-14,16:08:36,AIRCON turned ON
2025-05-14,16:09:15,LIGHTS turned ON
2025-05-14,16:09:15,AIRCON turned ON
2025-05-14,16:09:26,LIGHTS turned ON
2025-05-14,16:09:26,AIRCON turned ON
2025-05-14,16:10:29,LIGHTS turned ON
2025-05-14,16:10:29,AIRCON turned ON
2025-05-14,16:10:40,LIGHTS turned ON
2025-05-14,16:10:40,AIRCON turned ON
2025-05-14,16:19:02,LIGHTS turned ON
2025-05-14,16:19:02,AIRCON turned ON
2025-05-14,16:20:16,LIGHTS turned ON
2025-05-14,16:20:16,AIRCON turned ON
2025-05-14,16:20:29,LIGHTS turned ON
2025-05-14,16:20:29,AIRCON turned ON
2025-05-14,16:20:48,LIGHTS turned ON
2025-05-14,16:20:48,AIRCON turned ON
2025-05-14,16:20:59,LIGHTS turned ON
2025-05-14,16:20:59,AIRCON turned ON
2025-05-14,16:21:20,LIGHTS turned ON
2025-05-14,16:21:20,AIRCON turned ON
2025-05-14,16:21:31,LIGHTS turned ON
2025-05-14,16:21:31,AIRCON turned ON
2025-05-14,16:22:52,LIGHTS turned ON
2025-05-14,16:22:52,AIRCON turned ON
2025-05-14,16:23:03,LIGHTS turned ON
2025-05-14,16:23:03,AIRCON turned ON
2025-05-14,16:24:03,LIGHTS turned ON
2025-05-14,16:24:03,AIRCON turned ON
2025-05-14,16:34:04,LIGHTS turned ON
2025-05-14,16:34:04,AIRCON turned ON
2025-05-14,16:34:45,LIGHTS turned ON
2025-05-14,16:34:45,AIRCON turned ON
2025-05-14,16:34:53,LIGHTS turned ON
2025-05-14,16:34:53,AIRCON turned ON
2025-05-14,16:35:53,LIGHTS turned OFF after 0:01:00.281095
2025-05-14,16:35:53,AIRCON turned OFF after 0:01:00.281765
2025-05-14,16:36:00,LIGHTS turned ON
2025-05-14,16:36:00,AIRCON turned ON
2025-05-14,16:36:19,LIGHTS turned OFF after 0:00:19.128515
2025-05-14,16:36:19,AIRCON turned OFF after 0:00:19.128838
2025-05-14,16:36:23,LIGHTS turned ON
2025-05-14,16:36:23,AIRCON turned ON
2025-05-14,16:37:22,LIGHTS turned OFF after 0:00:59.180277
2025-05-14,16:37:22,AIRCON turned OFF after 0:00:59.180128
2025-05-14,16:37:34,LIGHTS turned ON
2025-05-14,16:37:34,AIRCON turned ON
2025-05-14,16:38:07,LIGHTS turned OFF after 0:00:33.562955
2025-05-14,16:38:07,AIRCON turned OFF after 0:00:33.563493
2025-05-14,16:38:20,LIGHTS turned ON
2025-05-14,16:38:20,AIRCON turned ON
2025-05-14,16:52:21,LIGHTS turned OFF after 0:14:01.464211
2025-05-14,16:52:21,AIRCON turned OFF after 0:14:01.464374
2025-05-14,16:52:31,LIGHTS turned ON
2025-05-14,16:52:31,AIRCON turned ON
2025-05-14,16:54:58,LIGHTS turned OFF after 0:02:26.886627
2025-05-14,16:54:58,AIRCON turned OFF after 0:02:26.887291
2025-05-14,16:55:01,LIGHTS turned ON
2025-05-14,16:55:01,AIRCON turned ON
2025-05-14,17:03:10,LIGHTS turned OFF after 0:08:09.248430
2025-05-14,17:03:10,AIRCON turned OFF after 0:08:09.250430
2025-05-14,17:03:13,LIGHTS turned ON
2025-05-14,17:03:14,AIRCON turned ON
2025-05-14,17:29:48,LIGHTS turned ON
2025-05-14,17:29:48,AIRCON turned ON
2025-05-14,21:24:00,LIGHTS turned ON
2025-05-14,21:24:00,AIRCON turned ON
2025-05-14,21:30:52,LIGHTS turned OFF after 0:06:51.949963
2025-05-14,21:30:52,AIRCON turned OFF after 0:06:51.953596
2025-05-14,21:31:00,LIGHTS turned ON
2025-05-14,21:31:00,AIRCON turned ON
2025-05-14,21:37:35,LIGHTS turned OFF after 0:06:35.048709
2025-05-14,21:37:35,AIRCON turned OFF after 0:06:35.049148
2025-05-14,21:37:52,LIGHTS turned ON
2025-05-14,21:37:52,AIRCON turned ON
2025-05-14,22:02:59,LIGHTS turned OFF after 0:25:06.866536
2025-05-14,22:02:59,AIRCON turned OFF after 0:25:06.866910
2025-05-14,22:03:01,LIGHTS turned ON
2025-05-14,22:03:01,AIRCON turned ON
2025-05-14,22:12:24,LIGHTS turned OFF after 0:09:22.762820
2025-05-14,22:12:24,AIRCON turned OFF after 0:09:22.758523
2025-05-14,22:12:43,LIGHTS turned ON
2025-05-14,22:12:43,AIRCON turned ON
2025-05-14,22:19:54,LIGHTS turned OFF after 0:07:10.604999
2025-05-14,22:19:54,AIRCON turned OFF after 0:07:10.605646
2025-05-14,22:20:06,LIGHTS turned ON
2025-05-14,22:20:06,AIRCON turned ON
2025-05-14,22:24:27,LIGHTS turned OFF after 0:04:21.552578
2025-05-14,22:24:27,AIRCON turned OFF after 0:04:21.552574
2025-05-14,22:24:31,LIGHTS turned ON
2025-05-14,22:24:31,AIRCON turned ON
2025-05-14,22:31:23,LIGHTS turned OFF after 0:06:51.899204
2025-05-14,22:31:23,AIRCON turned OFF after 0:06:51.899352
2025-05-14,22:31:27,LIGHTS turned ON
2025-05-14,22:31:27,AIRCON turned ON
2025-05-14,22:32:23,LIGHTS turned OFF after 0:00:55.863134
2025-05-14,22:32:23,AIRCON turned OFF after 0:00:55.863285
2025-05-14,22:32:53,LIGHTS turned ON
2025-05-14,22:32:53,AIRCON turned ON
2025-05-14,22:33:16,LIGHTS turned OFF after 0:00:23.429434
2025-05-14,22:33:16,AIRCON turned OFF after 0:00:23.429644
2025-05-14,22:33:52,LIGHTS turned ON
2025-05-14,22:33:52,AIRCON turned ON
2025-05-14,22:34:22,LIGHTS turned OFF after 0:00:29.848144
2025-05-14,22:34:22,AIRCON turned OFF after 0:00:29.849007
2025-05-14,22:34:49,LIGHTS turned ON
2025-05-14,22:34:49,AIRCON turned ON
2025-05-14,22:35:56,LIGHTS turned OFF after 0:01:07.109276
2025-05-14,22:35:56,AIRCON turned OFF after 0:01:07.109910
2025-05-14,22:36:12,LIGHTS turned ON
2025-05-14,22:36:12,AIRCON turned ON
2025-05-14,22:37:22,LIGHTS turned OFF after 0:01:10.157399
2025-05-14,22:37:22,AIRCON turned OFF after 0:01:10.157381
2025-05-14,22:37:24,LIGHTS turned ON
2025-05-14,22:37:24,AIRCON turned ON
2025-05-15,14:05:23,LIGHTS turned ON
2025-05-15,14:05:23,AIRCON turned ON
2025-05-15,14:05:39,LIGHTS turned OFF after 0:00:16.224266
2025-05-15,14:05:39,AIRCON turned OFF after 0:00:16.310671
2025-05-15,14:05:43,LIGHTS turned ON
2025-05-15,14:05:43,AIRCON turned ON
2025-05-15,14:06:40,LIGHTS turned ON
2025-05-15,14:06:40,AIRCON turned ON
2025-05-15,14:08:05,LIGHTS turned ON
2025-05-15,14:08:05,AIRCON turned ON
2025-05-15,14:11:58,LIGHTS turned ON
2025-05-15,14:11:58,AIRCON turned ON
2025-05-15,14:12:23,LIGHTS turned ON
2025-05-15,14:12:23,AIRCON turned ON
2025-05-15,14:12:53,LIGHTS turned ON
2025-05-15,14:12:53,AIRCON turned ON
2025-05-15,14:19:48,LIGHTS turned ON
2025-05-15,14:19:48,AIRCON turned ON
2025-05-15,14:20:45,LIGHTS turned OFF after 0:00:57.034132
2025-05-15,14:20:45,AIRCON turned OFF after 0:00:57.033480
2025-05-15,14:20:46,LIGHTS turned ON
2025-05-15,14:20:46,AIRCON turned ON
2025-05-15,14:20:46,LIGHTS turned OFF after 0:00:00.608894
2025-05-15,14:20:46,AIRCON turned OFF after 0:00:00.611915
2025-05-15,14:20:47,LIGHTS turned ON
2025-05-15,14:20:47,AIRCON turned ON
2025-05-15,14:28:56,LIGHTS turned ON
2025-05-15,14:28:56,AIRCON turned ON
2025-05-15,14:31:52,LIGHTS turned ON
2025-05-15,14:31:52,AIRCON turned ON
2025-05-15,14:32:25,LIGHTS turned OFF after 0:00:32.778332
2025-05-15,14:32:25,AIRCON turned OFF after 0:00:32.778176
2025-05-15,14:32:25,LIGHTS turned ON
2025-05-15,14:32:25,AIRCON turned ON
2025-05-15,14:33:57,LIGHTS turned ON
2025-05-15,14:33:57,AIRCON turned ON
2025-05-15,14:39:51,LIGHTS turned ON
2025-05-15,14:39:51,AIRCON turned ON
2025-05-15,14:41:25,LIGHTS turned ON
2025-05-15,14:41:25,AIRCON turned ON
2025-05-15,15:42:22,LIGHTS turned ON
2025-05-15,15:42:22,AIRCON turned ON
2025-05-15,15:53:07,LIGHTS turned ON
2025-05-15,15:53:07,AIRCON turned ON
2025-05-15,15:54:57,LIGHTS turned ON
2025-05-15,15:54:57,AIRCON turned ON
2025-05-15,15:56:13,LIGHTS turned OFF after 0:01:15.590155
2025-05-15,15:56:13,AIRCON turned OFF after 0:01:15.597131
2025-05-15,15:56:46,LIGHTS turned ON
2025-05-15,15:56:46,AIRCON turned ON
2025-05-15,15:58:17,LIGHTS turned OFF after 0:01:31.150635
2025-05-15,15:58:17,AIRCON turned OFF after 0:01:31.149865
2025-05-15,15:58:47,LIGHTS turned ON
2025-05-15,15:58:47,AIRCON turned ON
2025-05-15,16:01:32,LIGHTS turned OFF after 0:02:44.943613
2025-05-15,16:01:32,AIRCON turned OFF after 0:02:44.963854
2025-05-15,16:01:54,LIGHTS turned ON
2025-05-15,16:01:54,AIRCON turned ON
2025-05-15,16:10:19,LIGHTS turned OFF after 0:08:25.007193
2025-05-15,16:10:19,AIRCON turned OFF after 0:08:25.007570
2025-05-15,16:10:22,LIGHTS turned ON
2025-05-15,16:10:22,AIRCON turned ON
2025-05-15,16:32:34,LIGHTS turned OFF after 0:22:11.505215
2025-05-15,16:32:34,AIRCON turned OFF after 0:22:11.505024
2025-05-15,16:32:37,LIGHTS turned ON
2025-05-15,16:32:37,AIRCON turned ON
2025-05-15,16:35:41,LIGHTS turned OFF after 0:03:03.698306
2025-05-15,16:35:41,AIRCON turned OFF after 0:03:03.599268
2025-05-15,16:35:54,LIGHTS turned ON
2025-05-15,16:35:54,AIRCON turned ON
2025-05-15,16:38:36,LIGHTS turned OFF after 0:02:42.239055
2025-05-15,16:38:36,AIRCON turned OFF after 0:02:42.236090
2025-05-15,16:38:48,LIGHTS turned ON
2025-05-15,16:38:48,AIRCON turned ON
2025-05-15,16:40:19,LIGHTS turned OFF after 0:01:31.252721
2025-05-15,16:40:19,AIRCON turned OFF after 0:01:31.252787
2025-05-15,16:40:30,LIGHTS turned ON
2025-05-15,16:40:30,AIRCON turned ON
2025-05-15,16:46:19,LIGHTS turned OFF after 0:05:48.960980
2025-05-15,16:46:19,AIRCON turned OFF after 0:05:48.957352
2025-05-15,16:48:13,LIGHTS turned ON
2025-05-15,16:48:13,AIRCON turned ON
2025-05-15,16:55:37,LIGHTS turned OFF after 0:07:23.473314
2025-05-15,16:55:37,AIRCON turned OFF after 0:07:23.473616
2025-05-15,17:09:32,LIGHTS turned ON
2025-05-15,17:09:32,AIRCON turned ON
2025-05-15,17:09:54,LIGHTS turned OFF after 0:00:21.943127
2025-05-15,17:09:54,AIRCON turned OFF after 0:00:21.958342
2025-05-15,17:10:24,LIGHTS turned ON
2025-05-15,17:10:24,AIRCON turned ON
2025-05-15,17:10:43,LIGHTS turned OFF after 0:00:19.012695
2025-05-15,17:10:43,AIRCON turned OFF after 0:00:18.994878
2025-05-15,17:15:54,LIGHTS turned ON
2025-05-15,17:15:54,AIRCON turned ON
2025-05-15,17:17:16,LIGHTS turned OFF after 0:01:22.070680
2025-05-15,17:17:16,AIRCON turned OFF after 0:01:22.070176
2025-05-15,17:17:18,LIGHTS turned ON
2025-05-15,17:17:18,AIRCON turned ON
2025-05-15,17:18:41,LIGHTS turned OFF after 0:01:23.527153
2025-05-15,17:18:41,AIRCON turned OFF after 0:01:23.527733
2025-05-15,17:18:52,LIGHTS turned ON
2025-05-15,17:18:52,AIRCON turned ON
2025-05-15,17:19:49,LIGHTS turned OFF after 0:00:56.912114
2025-05-15,17:19:49,AIRCON turned OFF after 0:00:56.912864
2025-05-15,17:20:09,LIGHTS turned ON
2025-05-15,17:20:09,AIRCON turned ON
2025-05-15,17:32:23,LIGHTS turned OFF after 0:12:14.282621
2025-05-15,17:32:23,AIRCON turned OFF after 0:12:14.283056
2025-05-15,17:32:24,LIGHTS turned ON
2025-05-15,17:32:24,AIRCON turned ON
2025-05-15,17:32:41,LIGHTS turned OFF after 0:00:16.581422
2025-05-15,17:32:41,AIRCON turned OFF after 0:00:16.581523
2025-05-15,17:32:42,LIGHTS turned ON
2025-05-15,17:32:42,AIRCON turned ON
2025-05-15,17:32:57,LIGHTS turned OFF after 0:00:15.200333
2025-05-15,17:32:57,AIRCON turned OFF after 0:00:15.198161
2025-05-15,17:33:19,LIGHTS turned ON
2025-05-15,17:33:19,AIRCON turned ON
2025-05-15,17:40:42,LIGHTS turned OFF after 0:07:23.225693
2025-05-15,17:40:42,AIRCON turned OFF after 0:07:23.225843
2025-05-15,17:41:34,LIGHTS turned ON
2025-05-15,17:41:34,AIRCON turned ON
2025-05-15,17:42:55,LIGHTS turned OFF after 0:01:20.879093
2025-05-15,17:42:55,AIRCON turned OFF after 0:01:20.879240
2025-05-15,17:42:59,LIGHTS turned ON
2025-05-15,17:42:59,AIRCON turned ON
2025-05-15,17:43:18,LIGHTS turned OFF after 0:00:18.773298
2025-05-15,17:43:18,AIRCON turned OFF after 0:00:18.773681
2025-05-15,17:43:19,LIGHTS turned ON
2025-05-15,17:43:19,AIRCON turned ON
2025-05-15,17:43:35,LIGHTS turned OFF after 0:00:16.484856
2025-05-15,17:43:35,AIRCON turned OFF after 0:00:16.484871
2025-05-15,17:43:48,LIGHTS turned ON
2025-05-15,17:43:48,AIRCON turned ON
2025-05-15,17:46:55,LIGHTS turned OFF after 0:03:06.483021
2025-05-15,17:46:55,AIRCON turned OFF after 0:03:06.483373
2025-05-15,17:47:00,LIGHTS turned ON
2025-05-15,17:47:00,AIRCON turned ON
2025-05-15,17:47:12,LIGHTS turned OFF after 0:00:11.419069
2025-05-15,17:47:12,AIRCON turned OFF after 0:00:11.419226
2025-05-15,17:47:30,LIGHTS turned ON
2025-05-15,17:47:30,AIRCON turned ON
2025-05-15,17:54:27,LIGHTS turned OFF after 0:06:56.573155
2025-05-15,17:54:27,AIRCON turned OFF after 0:06:56.573230
2025-05-15,17:54:40,LIGHTS turned ON
2025-05-15,17:54:40,AIRCON turned ON
2025-05-15,19:42:22,LIGHTS turned ON
2025-05-15,19:42:22,AIRCON turned ON
2025-05-15,19:42:51,LIGHTS turned OFF after 0:00:28.582100
2025-05-15,19:42:51,AIRCON turned OFF after 0:00:28.598999
2025-05-15,19:42:52,LIGHTS turned ON
2025-05-15,19:42:52,AIRCON turned ON
2025-05-16,15:57:50,LIGHTS turned ON
2025-05-16,15:57:50,AIRCON turned ON
2025-05-16,15:58:17,LIGHTS turned OFF after 0:00:26.900576
2025-05-16,15:58:17,AIRCON turned OFF after 0:00:26.927506
2025-05-16,15:58:18,LIGHTS turned ON
2025-05-16,15:58:18,AIRCON turned ON
2025-05-16,16:08:13,LIGHTS turned OFF after 0:09:54.407235
2025-05-16,16:08:13,AIRCON turned OFF after 0:09:54.641411
2025-05-16,16:08:13,LIGHTS turned ON
2025-05-16,16:08:13,AIRCON turned ON
2025-05-16,16:09:35,LIGHTS turned OFF after 0:01:22.029486
2025-05-16,16:09:36,AIRCON turned OFF after 0:01:22.490948
2025-05-16,16:09:44,LIGHTS turned ON
2025-05-16,16:09:44,AIRCON turned ON
2025-05-16,16:10:07,LIGHTS turned OFF after 0:00:23.593766
2025-05-16,16:10:07,AIRCON turned OFF after 0:00:23.485280
2025-05-16,16:10:28,LIGHTS turned ON
2025-05-16,16:10:28,AIRCON turned ON
2025-05-16,16:11:29,LIGHTS turned OFF after 0:01:00.625269
2025-05-16,16:11:29,AIRCON turned OFF after 0:01:00.722286
2025-05-16,16:11:38,LIGHTS turned ON
2025-05-16,16:11:38,AIRCON turned ON
2025-05-16,16:13:41,LIGHTS turned OFF after 0:02:03.213803
2025-05-16,16:13:41,AIRCON turned OFF after 0:02:03.213823
2025-05-16,16:13:43,LIGHTS turned ON
2025-05-16,16:13:43,AIRCON turned ON
2025-05-16,16:16:20,LIGHTS turned OFF after 0:02:37.394077
2025-05-16,16:16:20,AIRCON turned OFF after 0:02:37.394002
2025-05-16,16:16:33,LIGHTS turned ON
2025-05-16,16:16:33,AIRCON turned ON
2025-05-16,16:16:48,LIGHTS turned OFF after 0:00:15.094776
2025-05-16,16:16:48,AIRCON turned OFF after 0:00:15.094797
2025-05-16,16:20:16,LIGHTS turned ON
2025-05-16,16:20:16,AIRCON turned ON
2025-05-16,16:22:33,LIGHTS turned OFF after 0:02:17.253014
2025-05-16,16:22:33,AIRCON turned OFF after 0:02:17.147209
2025-05-16,16:22:35,LIGHTS turned ON
2025-05-16,16:22:35,AIRCON turned ON
2025-05-16,16:23:58,LIGHTS turned OFF after 0:01:23.604527
2025-05-16,16:23:59,AIRCON turned OFF after 0:01:23.687497
2025-05-16,16:24:06,LIGHTS turned ON
2025-05-16,16:24:06,AIRCON turned ON
2025-05-16,18:34:01,LIGHTS turned ON
2025-05-16,18:34:01,AIRCON turned ON
2025-05-16,18:34:41,LIGHTS turned OFF after 0:00:39.159875
2025-05-16,18:34:41,AIRCON turned OFF after 0:00:39.159818
2025-05-16,18:34:42,LIGHTS turned ON
2025-05-16,18:34:42,AIRCON turned ON
2025-05-16,18:39:50,LIGHTS turned OFF after 0:05:08.206558
2025-05-16,18:39:50,AIRCON turned OFF after 0:05:08.205996
2025-05-16,18:39:58,LIGHTS turned ON
2025-05-16,18:39:58,AIRCON turned ON
2025-05-16,18:44:51,LIGHTS turned ON
2025-05-16,18:44:51,AIRCON turned ON
2025-05-16,18:49:42,LIGHTS turned ON
2025-05-16,18:49:42,AIRCON turned ON
2025-05-16,18:52:18,LIGHTS turned OFF after 0:02:36.632844
2025-05-16,18:52:18,AIRCON turned OFF after 0:02:36.633819
2025-05-16,18:52:19,LIGHTS turned ON
2025-05-16,18:52:19,AIRCON turned ON
2025-05-16,18:53:59,LIGHTS turned ON
2025-05-16,18:53:59,AIRCON turned ON
2025-05-16,18:54:58,LIGHTS turned OFF after 0:00:58.912704
2025-05-16,18:54:58,AIRCON turned OFF after 0:00:58.913152
2025-05-16,18:55:02,LIGHTS turned ON
2025-05-16,18:55:02,AIRCON turned ON
2025-05-16,19:15:31,LIGHTS turned ON
2025-05-16,19:15:31,AIRCON turned ON
2025-05-16,19:18:41,LIGHTS turned ON
2025-05-16,19:18:41,AIRCON turned ON
2025-05-16,19:19:41,LIGHTS turned ON
2025-05-16,19:19:41,AIRCON turned ON
2025-05-16,19:20:55,LIGHTS turned ON
2025-05-16,19:20:55,AIRCON turned ON
2025-05-16,19:22:18,LIGHTS turned ON
2025-05-16,19:22:18,AIRCON turned ON
2025-05-16,19:25:13,LIGHTS turned ON
2025-05-16,19:25:13,AIRCON turned ON
2025-05-16,19:29:19,LIGHTS turned ON
2025-05-16,19:29:19,AIRCON turned ON
2025-05-16,19:30:14,LIGHTS turned OFF after 0:00:55.164376
2025-05-16,19:30:14,AIRCON turned OFF after 0:00:55.164253
2025-05-16,19:30:14,LIGHTS turned ON
2025-05-16,19:30:15,AIRCON turned ON
2025-05-16,19:32:01,LIGHTS turned OFF after 0:01:46.895760
2025-05-16,19:32:01,AIRCON turned OFF after 0:01:46.862549
2025-05-16,19:32:06,LIGHTS turned ON
2025-05-16,19:32:06,AIRCON turned ON
2025-05-16,19:42:01,LIGHTS turned ON
2025-05-16,19:42:01,AIRCON turned ON
2025-05-16,19:43:00,LIGHTS turned ON
2025-05-16,19:43:00,AIRCON turned ON
2025-05-16,19:43:27,LIGHTS turned OFF after 0:00:26.860134
2025-05-16,19:43:27,AIRCON turned OFF after 0:00:26.860071
2025-05-16,19:43:28,LIGHTS turned ON
2025-05-16,19:43:28,AIRCON turned ON
2025-05-16,19:43:29,LIGHTS turned OFF after 0:00:00.992594
2025-05-16,19:43:29,AIRCON turned OFF after 0:00:00.992424
2025-05-16,19:43:30,LIGHTS turned ON
2025-05-16,19:43:30,AIRCON turned ON
2025-05-16,19:43:31,LIGHTS turned OFF after 0:00:00.685594
2025-05-16,19:43:31,AIRCON turned OFF after 0:00:00.668881
2025-05-16,19:43:31,LIGHTS turned ON
2025-05-16,19:43:31,AIRCON turned ON
2025-05-16,19:43:33,LIGHTS turned OFF after 0:00:01.074873
2025-05-16,19:43:33,AIRCON turned OFF after 0:00:01.088223
2025-05-16,19:43:34,LIGHTS turned ON
2025-05-16,19:43:34,AIRCON turned ON
2025-05-16,19:46:34,LIGHTS turned ON
2025-05-16,19:46:34,AIRCON turned ON
2025-05-16,19:47:00,LIGHTS turned ON
2025-05-16,19:47:00,AIRCON turned ON
2025-05-16,19:47:33,LIGHTS turned ON
2025-05-16,19:47:33,AIRCON turned ON
2025-05-16,19:48:37,LIGHTS turned ON
2025-05-16,19:48:37,AIRCON turned ON
2025-05-16,19:49:40,LIGHTS turned ON
2025-05-16,19:49:40,AIRCON turned ON
2025-05-16,19:51:24,LIGHTS turned OFF after 0:01:44.838707
2025-05-16,19:51:24,AIRCON turned OFF after 0:01:44.839575
2025-05-16,19:51:26,LIGHTS turned ON
2025-05-16,19:51:26,AIRCON turned ON
2025-05-16,19:52:14,LIGHTS turned OFF after 0:00:47.296939
2025-05-16,19:52:14,AIRCON turned OFF after 0:00:47.296734
2025-05-16,19:52:15,LIGHTS turned ON
2025-05-16,19:52:16,AIRCON turned ON
2025-05-16,19:53:34,LIGHTS turned ON
2025-05-16,19:53:34,AIRCON turned ON
2025-05-16,19:54:04,LIGHTS turned ON
2025-05-16,19:54:04,AIRCON turned ON
2025-05-16,19:54:51,LIGHTS turned ON
2025-05-16,19:54:51,AIRCON turned ON
2025-05-16,19:56:02,LIGHTS turned ON
2025-05-16,19:56:02,AIRCON turned ON
2025-05-16,19:58:14,LIGHTS turned OFF after 0:02:11.488480
2025-05-16,19:58:14,AIRCON turned OFF after 0:02:11.489237
2025-05-16,19:58:24,LIGHTS turned ON
2025-05-16,19:58:24,AIRCON turned ON
2025-05-16,19:58:58,LIGHTS turned OFF after 0:00:34.103206
2025-05-16,19:58:58,AIRCON turned OFF after 0:00:34.103132
2025-05-16,19:59:02,LIGHTS turned ON
2025-05-16,19:59:02,AIRCON turned ON
2025-05-16,20:00:58,LIGHTS turned OFF after 0:01:55.781523
2025-05-16,20:00:58,AIRCON turned OFF after 0:01:55.781847
2025-05-16,20:01:08,LIGHTS turned ON
2025-05-16,20:01:08,AIRCON turned ON
2025-05-16,20:20:17,LIGHTS turned OFF after 0:19:08.993611
2025-05-16,20:20:18,AIRCON turned OFF after 0:19:09.484021
2025-05-16,20:20:33,LIGHTS turned ON
2025-05-16,20:20:33,AIRCON turned ON
2025-05-16,20:22:15,LIGHTS turned OFF after 0:01:41.935032
2025-05-16,20:22:15,AIRCON turned OFF after 0:01:41.932631
2025-05-16,20:22:39,LIGHTS turned ON
2025-05-16,20:22:39,AIRCON turned ON
2025-05-16,20:37:05,LIGHTS turned ON
2025-05-16,20:37:05,AIRCON turned ON
2025-05-16,20:37:49,LIGHTS turned OFF after 0:00:44.192414
2025-05-16,20:37:49,AIRCON turned OFF after 0:00:44.192594
2025-05-16,20:37:54,LIGHTS turned ON
2025-05-16,20:37:54,AIRCON turned ON
2025-05-16,20:37:55,LIGHTS turned OFF after 0:00:01.507528
2025-05-16,20:37:55,AIRCON turned OFF after 0:00:01.509918
2025-05-16,20:37:58,LIGHTS turned ON
2025-05-16,20:37:58,AIRCON turned ON
2025-05-16,20:38:00,LIGHTS turned OFF after 0:00:01.480855
2025-05-16,20:38:00,AIRCON turned OFF after 0:00:01.482976
2025-05-16,20:38:01,LIGHTS turned ON
2025-05-16,20:38:01,AIRCON turned ON
2025-05-16,20:38:04,LIGHTS turned OFF after 0:00:02.363804
2025-05-16,20:38:04,AIRCON turned OFF after 0:00:02.364250
2025-05-16,20:38:05,LIGHTS turned ON
2025-05-16,20:38:05,AIRCON turned ON
2025-05-16,20:38:06,LIGHTS turned OFF after 0:00:01.145501
2025-05-16,20:38:06,AIRCON turned OFF after 0:00:01.143419
2025-05-16,20:38:10,LIGHTS turned ON
2025-05-16,20:38:10,AIRCON turned ON
2025-05-16,20:38:12,LIGHTS turned OFF after 0:00:02.045026
2025-05-16,20:38:13,AIRCON turned OFF after 0:00:02.045171
2025-05-17,09:07:58,LIGHTS turned ON
2025-05-17,09:07:58,AIRCON turned ON
2025-05-17,09:11:42,LIGHTS turned OFF after 0:03:44.298455
2025-05-17,09:11:42,AIRCON turned OFF after 0:03:44.308034
2025-05-17,09:11:43,LIGHTS turned ON
2025-05-17,09:11:43,AIRCON turned ON
2025-05-17,09:11:43,LIGHTS turned OFF after 0:00:00.364561
2025-05-17,09:11:43,AIRCON turned OFF after 0:00:00.268012
2025-05-17,09:11:44,LIGHTS turned ON
2025-05-17,09:11:44,AIRCON turned ON
2025-05-17,09:11:44,LIGHTS turned OFF after 0:00:00.264772
2025-05-17,09:11:44,AIRCON turned OFF after 0:00:00.269525
2025-05-17,09:11:44,LIGHTS turned ON
2025-05-17,09:11:44,AIRCON turned ON
2025-05-17,11:40:15,LIGHTS turned ON
2025-05-17,11:40:15,AIRCON turned ON
2025-05-17,11:40:57,LIGHTS turned OFF after 0:00:42.171298
2025-05-17,11:40:57,AIRCON turned OFF after 0:00:42.176287
2025-05-17,11:40:59,LIGHTS turned ON
2025-05-17,11:40:59,AIRCON turned ON
2025-05-17,11:43:02,LIGHTS turned OFF after 0:02:02.509316
2025-05-17,11:43:02,AIRCON turned OFF after 0:02:02.517375
2025-05-17,11:43:03,LIGHTS turned ON
2025-05-17,11:43:03,AIRCON turned ON
2025-05-17,11:43:05,LIGHTS turned OFF after 0:00:01.954583
2025-05-17,11:43:05,AIRCON turned OFF after 0:00:01.954318
2025-05-17,11:43:06,LIGHTS turned ON
2025-05-17,11:43:06,AIRCON turned ON
2025-05-17,11:43:07,LIGHTS turned OFF after 0:00:00.724213
2025-05-17,11:43:07,AIRCON turned OFF after 0:00:00.723869
2025-05-17,11:43:10,LIGHTS turned ON
2025-05-17,11:43:10,AIRCON turned ON
2025-05-17,11:43:11,LIGHTS turned OFF after 0:00:00.981328
2025-05-17,11:43:11,AIRCON turned OFF after 0:00:00.996593
2025-05-17,11:43:13,LIGHTS turned ON
2025-05-17,11:43:13,AIRCON turned ON
2025-05-17,11:43:17,LIGHTS turned OFF after 0:00:04.087100
2025-05-17,11:43:17,AIRCON turned OFF after 0:00:04.086918
2025-05-17,11:43:18,LIGHTS turned ON
2025-05-17,11:43:18,AIRCON turned ON
2025-05-17,11:43:20,LIGHTS turned OFF after 0:00:01.203707
2025-05-17,11:43:20,AIRCON turned OFF after 0:00:01.195719
2025-05-17,11:43:21,LIGHTS turned ON
2025-05-17,11:43:21,AIRCON turned ON
2025-05-17,11:43:23,LIGHTS turned OFF after 0:00:02.812987
2025-05-17,11:43:23,AIRCON turned OFF after 0:00:02.812461
2025-05-17,11:43:26,LIGHTS turned ON
2025-05-17,11:43:26,AIRCON turned ON
2025-05-17,11:43:27,LIGHTS turned OFF after 0:00:00.645480
2025-05-17,11:43:27,AIRCON turned OFF after 0:00:00.645611
2025-05-17,11:43:28,LIGHTS turned ON
2025-05-17,11:43:28,AIRCON turned ON
2025-05-17,11:43:34,LIGHTS turned OFF after 0:00:06.289595
2025-05-17,11:43:34,AIRCON turned OFF after 0:00:06.289723
2025-05-17,11:43:35,LIGHTS turned ON
2025-05-17,11:43:35,AIRCON turned ON
2025-05-17,11:47:11,LIGHTS turned ON
2025-05-17,11:47:11,AIRCON turned ON
2025-05-17,11:48:44,LIGHTS turned ON
2025-05-17,11:48:44,AIRCON turned ON
2025-05-17,11:50:55,LIGHTS turned OFF after 0:02:11.259145
2025-05-17,11:50:55,AIRCON turned OFF after 0:02:11.266599
2025-05-17,11:51:05,LIGHTS turned ON
2025-05-17,11:51:05,AIRCON turned ON
2025-05-17,11:51:22,LIGHTS turned OFF after 0:00:16.862070
2025-05-17,11:51:22,AIRCON turned OFF after 0:00:16.860689
2025-05-17,11:51:23,LIGHTS turned ON
2025-05-17,11:51:23,AIRCON turned ON
2025-05-17,11:52:40,LIGHTS turned OFF after 0:01:17.217146
2025-05-17,11:52:40,AIRCON turned OFF after 0:01:17.214221
2025-05-17,11:52:49,LIGHTS turned ON
2025-05-17,11:52:49,AIRCON turned ON
2025-05-17,11:53:10,LIGHTS turned OFF after 0:00:20.176514
2025-05-17,11:53:10,AIRCON turned OFF after 0:00:20.176730
2025-05-17,11:53:37,LIGHTS turned ON
2025-05-17,11:53:37,AIRCON turned ON
2025-05-17,11:55:28,LIGHTS turned OFF after 0:01:51.047015
2025-05-17,11:55:28,AIRCON turned OFF after 0:01:51.047126
2025-05-17,11:55:30,LIGHTS turned ON
2025-05-17,11:55:30,AIRCON turned ON
2025-05-17,14:08:54,LIGHTS turned ON
2025-05-17,14:08:54,AIRCON turned ON
2025-05-17,14:09:23,LIGHTS turned OFF after 0:00:29.377006
2025-05-17,14:09:23,AIRCON turned OFF after 0:00:29.380729
2025-05-17,14:09:28,LIGHTS turned ON
2025-05-17,14:09:28,AIRCON turned ON
2025-05-17,14:09:47,LIGHTS turned OFF after 0:00:19.158342
2025-05-17,14:09:47,AIRCON turned OFF after 0:00:19.158697
2025-05-17,14:10:04,LIGHTS turned ON
2025-05-17,14:10:04,AIRCON turned ON
2025-05-17,14:10:08,LIGHTS turned OFF after 0:00:03.489565
2025-05-17,14:10:08,AIRCON turned OFF after 0:00:03.493192
2025-05-17,14:10:22,LIGHTS turned ON
2025-05-17,14:10:22,AIRCON turned ON
2025-05-17,14:16:51,LIGHTS turned OFF after 0:06:29.075549
2025-05-17,14:16:51,AIRCON turned OFF after 0:06:29.077383
2025-05-17,14:16:58,LIGHTS turned ON
2025-05-17,14:16:58,AIRCON turned ON
2025-05-17,14:17:36,LIGHTS turned OFF after 0:00:38.274344
2025-05-17,14:17:36,AIRCON turned OFF after 0:00:38.274423
2025-05-17,14:19:43,LIGHTS turned ON
2025-05-17,14:19:43,AIRCON turned ON
2025-05-17,14:20:55,LIGHTS turned OFF after 0:01:12.302508
2025-05-17,14:20:55,AIRCON turned OFF after 0:01:12.302119
2025-05-17,14:23:06,LIGHTS turned ON
2025-05-17,14:23:06,AIRCON turned ON
2025-05-17,14:23:07,LIGHTS turned OFF after 0:00:00.818757
2025-05-17,14:23:07,AIRCON turned OFF after 0:00:00.818623
2025-05-17,14:23:09,LIGHTS turned ON
2025-05-17,14:23:09,AIRCON turned ON
2025-05-17,14:23:13,LIGHTS turned OFF after 0:00:04.210606
2025-05-17,14:23:13,AIRCON turned OFF after 0:00:04.210258
2025-05-17,14:23:14,LIGHTS turned ON
2025-05-17,14:23:14,AIRCON turned ON
2025-05-17,14:23:15,LIGHTS turned OFF after 0:00:01.297236
2025-05-17,14:23:15,AIRCON turned OFF after 0:00:01.291400
2025-05-17,14:23:17,LIGHTS turned ON
2025-05-17,14:23:17,AIRCON turned ON
2025-05-17,14:23:19,LIGHTS turned OFF after 0:00:01.503579
2025-05-17,14:23:19,AIRCON turned OFF after 0:00:01.503764
2025-05-17,14:23:21,LIGHTS turned ON
2025-05-17,14:23:21,AIRCON turned ON
2025-05-17,14:23:28,LIGHTS turned OFF after 0:00:06.761245
2025-05-17,14:23:28,AIRCON turned OFF after 0:00:06.761649
2025-05-17,14:23:29,LIGHTS turned ON
2025-05-17,14:23:29,AIRCON turned ON
2025-05-17,14:23:32,LIGHTS turned OFF after 0:00:02.996813
2025-05-17,14:23:32,AIRCON turned OFF after 0:00:02.996416
2025-05-17,14:23:34,LIGHTS turned ON
2025-05-17,14:23:34,AIRCON turned ON
2025-05-17,14:23:35,LIGHTS turned OFF after 0:00:00.781969
2025-05-17,14:23:35,AIRCON turned OFF after 0:00:00.785479
2025-05-17,14:23:36,LIGHTS turned ON
2025-05-17,14:23:36,AIRCON turned ON
2025-05-17,14:23:37,LIGHTS turned OFF after 0:00:00.727373
2025-05-17,14:23:37,AIRCON turned OFF after 0:00:00.727052
2025-05-17,14:23:38,LIGHTS turned ON
2025-05-17,14:23:38,AIRCON turned ON
2025-05-17,14:23:39,LIGHTS turned OFF after 0:00:01.324086
2025-05-17,14:23:39,AIRCON turned OFF after 0:00:01.324425
2025-05-17,14:23:54,LIGHTS turned ON
2025-05-17,14:23:54,AIRCON turned ON
2025-05-17,14:23:55,LIGHTS turned OFF after 0:00:00.688948
2025-05-17,14:23:55,AIRCON turned OFF after 0:00:00.802222
2025-05-17,14:23:56,LIGHTS turned ON
2025-05-17,14:23:56,AIRCON turned ON
2025-05-17,14:23:57,LIGHTS turned OFF after 0:00:00.769040
2025-05-17,14:23:57,AIRCON turned OFF after 0:00:00.769230
2025-05-17,14:23:58,LIGHTS turned ON
2025-05-17,14:23:58,AIRCON turned ON
2025-05-17,14:23:59,LIGHTS turned OFF after 0:00:01.029677
2025-05-17,14:23:59,AIRCON turned OFF after 0:00:01.029607
2025-05-17,14:24:00,LIGHTS turned ON
2025-05-17,14:24:00,AIRCON turned ON
2025-05-17,14:24:03,LIGHTS turned OFF after 0:00:03.755366
2025-05-17,14:24:03,AIRCON turned OFF after 0:00:03.755749
2025-05-17,14:24:05,LIGHTS turned ON
2025-05-17,14:24:05,AIRCON turned ON
2025-05-17,14:24:10,LIGHTS turned OFF after 0:00:05.057621
2025-05-17,14:24:10,AIRCON turned OFF after 0:00:05.057182
2025-05-17,14:24:10,LIGHTS turned ON
2025-05-17,14:24:10,AIRCON turned ON
2025-05-17,14:24:20,LIGHTS turned OFF after 0:00:09.519495
2025-05-17,14:24:20,AIRCON turned OFF after 0:00:09.517628
2025-05-17,14:24:41,LIGHTS turned ON
2025-05-17,14:24:41,AIRCON turned ON
2025-05-17,14:25:48,LIGHTS turned OFF after 0:01:06.844225
2025-05-17,14:25:48,AIRCON turned OFF after 0:01:06.863743
2025-05-17,14:25:48,LIGHTS turned ON
2025-05-17,14:25:48,AIRCON turned ON
2025-05-17,14:28:42,LIGHTS turned OFF after 0:02:53.502533
2025-05-17,14:28:42,AIRCON turned OFF after 0:02:53.489832
2025-05-17,14:28:53,LIGHTS turned ON
2025-05-17,14:28:53,AIRCON turned ON
2025-05-17,14:29:38,LIGHTS turned OFF after 0:00:45.050501
2025-05-17,14:29:38,AIRCON turned OFF after 0:00:45.049647
2025-05-17,14:29:57,LIGHTS turned ON
2025-05-17,14:29:57,AIRCON turned ON
2025-05-17,14:31:37,LIGHTS turned OFF after 0:01:39.341665
2025-05-17,14:31:37,AIRCON turned OFF after 0:01:39.341126
2025-05-17,14:33:01,LIGHTS turned ON
2025-05-17,14:33:01,AIRCON turned ON
2025-05-17,14:33:54,LIGHTS turned OFF after 0:00:52.871983
2025-05-17,14:33:54,AIRCON turned OFF after 0:00:52.872894
2025-05-17,14:35:41,LIGHTS turned ON
2025-05-17,14:35:41,AIRCON turned ON
2025-05-17,14:35:56,LIGHTS turned OFF after 0:00:15.287992
2025-05-17,14:35:56,AIRCON turned OFF after 0:00:15.288346
2025-05-17,14:36:04,LIGHTS turned ON
2025-05-17,14:36:04,AIRCON turned ON
2025-05-17,14:38:35,LIGHTS turned OFF after 0:02:31.229568
2025-05-17,14:38:35,AIRCON turned OFF after 0:02:31.229003
2025-05-17,14:38:35,LIGHTS turned ON
2025-05-17,14:38:35,AIRCON turned ON
2025-05-17,14:46:42,LIGHTS turned OFF after 0:08:06.933536
2025-05-17,14:46:42,AIRCON turned OFF after 0:08:06.915770
2025-05-17,14:46:56,LIGHTS turned ON
2025-05-17,14:46:56,AIRCON turned ON
2025-05-17,14:47:47,LIGHTS turned OFF after 0:00:50.410648
2025-05-17,14:47:47,AIRCON turned OFF after 0:00:50.410342
2025-05-17,14:48:00,LIGHTS turned ON
2025-05-17,14:48:00,AIRCON turned ON
2025-05-17,14:54:34,LIGHTS turned OFF after 0:06:33.878368
2025-05-17,14:54:34,AIRCON turned OFF after 0:06:33.878207
2025-05-17,14:54:38,LIGHTS turned ON
2025-05-17,14:54:38,AIRCON turned ON
2025-05-17,15:01:34,LIGHTS turned OFF after 0:06:55.667115
2025-05-17,15:01:34,AIRCON turned OFF after 0:06:55.666977
2025-05-17,15:01:36,LIGHTS turned ON
2025-05-17,15:01:36,AIRCON turned ON
2025-05-17,15:02:59,LIGHTS turned OFF after 0:01:22.784118
2025-05-17,15:02:59,AIRCON turned OFF after 0:01:22.784312
2025-05-17,15:03:03,LIGHTS turned ON
2025-05-17,15:03:03,AIRCON turned ON
2025-05-17,15:05:05,LIGHTS turned OFF after 0:02:01.895411
2025-05-17,15:05:05,AIRCON turned OFF after 0:02:01.895389
2025-05-17,15:05:08,LIGHTS turned ON
2025-05-17,15:05:08,AIRCON turned ON
2025-05-17,15:10:40,LIGHTS turned OFF after 0:05:31.930101
2025-05-17,15:10:40,AIRCON turned OFF after 0:05:31.930092
2025-05-17,15:10:43,LIGHTS turned ON
2025-05-17,15:10:43,AIRCON turned ON
2025-05-17,15:11:40,LIGHTS turned OFF after 0:00:57.896766
2025-05-17,15:11:40,AIRCON turned OFF after 0:00:57.896802
2025-05-17,15:11:45,LIGHTS turned ON
2025-05-17,15:11:45,AIRCON turned ON
2025-05-17,15:11:47,LIGHTS turned OFF after 0:00:02.267517
2025-05-17,15:11:47,AIRCON turned OFF after 0:00:02.266986
2025-05-17,15:11:53,LIGHTS turned ON
2025-05-17,15:11:53,AIRCON turned ON
2025-05-17,15:11:55,LIGHTS turned OFF after 0:00:02.374082
2025-05-17,15:11:55,AIRCON turned OFF after 0:00:02.373810
2025-05-17,15:11:59,LIGHTS turned ON
2025-05-17,15:11:59,AIRCON turned ON
2025-05-17,15:12:06,LIGHTS turned OFF after 0:00:07.312895
2025-05-17,15:12:06,AIRCON turned OFF after 0:00:07.311894
2025-05-17,15:12:12,LIGHTS turned ON
2025-05-17,15:12:12,AIRCON turned ON
2025-05-17,15:12:14,LIGHTS turned OFF after 0:00:02.428021
2025-05-17,15:12:14,AIRCON turned OFF after 0:00:02.427632
2025-05-17,15:12:20,LIGHTS turned ON
2025-05-17,15:12:20,AIRCON turned ON
2025-05-17,15:12:22,LIGHTS turned OFF after 0:00:02.029970
2025-05-17,15:12:22,AIRCON turned OFF after 0:00:02.030134
2025-05-17,15:12:23,LIGHTS turned ON
2025-05-17,15:12:23,AIRCON turned ON
2025-05-17,15:12:25,LIGHTS turned OFF after 0:00:02.008400
2025-05-17,15:12:25,AIRCON turned OFF after 0:00:02.008463
2025-05-17,15:12:33,LIGHTS turned ON
2025-05-17,15:12:33,AIRCON turned ON
2025-05-17,15:12:49,LIGHTS turned OFF after 0:00:15.759542
2025-05-17,15:12:49,AIRCON turned OFF after 0:00:15.759677
2025-05-17,15:12:52,LIGHTS turned ON
2025-05-17,15:12:52,AIRCON turned ON
2025-05-17,15:13:07,LIGHTS turned OFF after 0:00:15.408969
2025-05-17,15:13:07,AIRCON turned OFF after 0:00:15.409336
2025-05-17,15:13:09,LIGHTS turned ON
2025-05-17,15:13:09,AIRCON turned ON
2025-05-17,15:13:25,LIGHTS turned OFF after 0:00:15.728967
2025-05-17,15:13:25,AIRCON turned OFF after 0:00:15.729216
2025-05-17,15:13:31,LIGHTS turned ON
2025-05-17,15:13:31,AIRCON turned ON
2025-05-17,15:14:51,LIGHTS turned OFF after 0:01:19.986290
2025-05-17,15:14:51,AIRCON turned OFF after 0:01:19.986319
2025-05-17,15:15:03,LIGHTS turned ON
2025-05-17,15:15:03,AIRCON turned ON
2025-05-17,15:15:34,LIGHTS turned OFF after 0:00:30.536271
2025-05-17,15:15:34,AIRCON turned OFF after 0:00:30.536009
2025-05-17,15:15:38,LIGHTS turned ON
2025-05-17,15:15:38,AIRCON turned ON
2025-05-17,15:15:46,LIGHTS turned OFF after 0:00:08.688422
2025-05-17,15:15:46,AIRCON turned OFF after 0:00:08.688890
2025-05-17,15:17:25,LIGHTS turned ON
2025-05-17,15:17:25,AIRCON turned ON
2025-05-17,15:17:28,LIGHTS turned OFF after 0:00:02.570122
2025-05-17,15:17:28,AIRCON turned OFF after 0:00:02.569714
2025-05-17,15:17:46,LIGHTS turned ON
2025-05-17,15:17:46,AIRCON turned ON
2025-05-17,15:17:50,LIGHTS turned OFF after 0:00:03.800675
2025-05-17,15:17:50,AIRCON turned OFF after 0:00:03.800766
2025-05-17,15:21:41,LIGHTS turned ON
2025-05-17,15:21:41,AIRCON turned ON
2025-05-17,15:21:42,LIGHTS turned OFF after 0:00:01.076686
2025-05-17,15:21:42,AIRCON turned OFF after 0:00:01.076810
2025-05-17,15:50:44,LIGHTS turned ON
2025-05-17,15:50:44,AIRCON turned ON
2025-05-17,15:51:10,LIGHTS turned OFF after 0:00:26.280070
2025-05-17,15:51:10,AIRCON turned OFF after 0:00:26.280141
2025-05-17,15:51:13,LIGHTS turned ON
2025-05-17,15:51:13,AIRCON turned ON
2025-05-17,15:51:35,LIGHTS turned OFF after 0:00:22.387421
2025-05-17,15:51:35,AIRCON turned OFF after 0:00:22.387204
2025-05-17,15:51:37,LIGHTS turned ON
2025-05-17,15:51:37,AIRCON turned ON
2025-05-17,15:53:00,LIGHTS turned ON
2025-05-17,15:53:00,AIRCON turned ON
2025-05-17,15:53:15,LIGHTS turned ON
2025-05-17,15:53:15,AIRCON turned ON
2025-05-17,15:53:34,LIGHTS turned ON
2025-05-17,15:53:34,AIRCON turned ON
2025-05-17,15:54:09,LIGHTS turned ON
2025-05-17,15:54:09,AIRCON turned ON
2025-05-17,15:55:23,LIGHTS turned ON
2025-05-17,15:55:23,AIRCON turned ON
2025-05-17,15:56:06,LIGHTS turned OFF after 0:00:42.690765
2025-05-17,15:56:06,AIRCON turned OFF after 0:00:42.691098
2025-05-17,15:56:10,LIGHTS turned ON
2025-05-17,15:56:10,AIRCON turned ON
2025-05-17,15:56:33,LIGHTS turned OFF after 0:00:22.948782
2025-05-17,15:56:33,AIRCON turned OFF after 0:00:22.949493
2025-05-17,15:56:41,LIGHTS turned ON
2025-05-17,15:56:41,AIRCON turned ON
2025-05-17,15:59:22,LIGHTS turned ON
2025-05-17,15:59:22,AIRCON turned ON
2025-05-17,15:59:55,LIGHTS turned ON
2025-05-17,15:59:55,AIRCON turned ON
